__label__neutral,You're speaking/talking to her.
__label__neutral,May I speak to Mr Gates?
__label__neutral,He's not here right now.
__label__neutral,He's in a meeting right now.
__label__neutral,You've just missed him.
__label__neutral,He's just stepped out.
__label__neutral,He's out on his lunch break right now Would you like to leave a message?
__label__neutral,He's not available right now Can I take a message?
__label__neutral,Do you know when he will be back?
__label__neutral,I'm sorry I don't know.
__label__neutral,He should be back in 20 minutes.
__label__neutral,Do you have any idea where he is?
__label__neutral,He's at work right now Do you want his phone number?
__label__neutral,Can I leave a message?
__label__neutral,Yes Go ahead  please.
__label__neutral,Of course Hold on for just a second so I can grab a pen and paper.
__label__neutral,Sure  if you can excuse me for just a second Let me find a piece of paper to write it 
__label__neutral,When he comes back  can you have him call me at (2 0 6) 5 5 5 1 2 1 2?
__label__neutral,Can you repeat again  please?
__label__neutral,(Say) Again  please?
__label__neutral,May I leave a message?
__label__neutral,You know what My English is not that great  and I don't want to miss anything Would you 
__label__neutral,mind calling back later I'm sorry.
__label__neutral,If you don't mind  could you please call back and leave a message on the answering machine  
__label__neutral,My English is not very good.
__label__neutral,Is Brandon there Brandon. 
__label__neutral,Yes  he is  One moment  please.
__label__neutral, Let me see if he's here Hang on OK?
__label__neutral,Can I speak to Alexander Walker?
__label__neutral,Alexander Walker I'm sorry  but there's nobody here by this name.
__label__neutral,I'm sorry I'm afraid you've got the wrong number.
__label__neutral,What number did you dial?
__label__neutral,Can you put Daisy back on I forgot to tell her something.
__label__neutral,Sure I'll go get her.
__label__neutral,No I got the answering machine.
__label__neutral,I got the busy signals.
__label__neutral,Paul  can you answer the phone I'm busy Paul.
__label__neutral,Can you get it  Paul My hands are tied Paul.
__label__neutral,No one He hung up on me.
__label__neutral,Wrong number  I guess He hung up without saying a word.
__label__neutral,Hi This is Abby I'm not home right now Please leave a message.
__label__neutral,Hi This is 555-5555 We're not here Please leave your message Thank you.
__label__neutral,Hi This is Brenda I can't come to the phone at this time Please leave a message and I'll 
__label__neutral,call you back as soon as possible.
__label__neutral,Hi  this is Aaron I'm either away from my desk  or on the phone Please leave a message 
__label__neutral,and I'll get right back to you.
__label__neutral,Hi  this is Ivy Sorry I missed you Please leave a message at the tone I'll get back to 
__label__neutral,you when I get in Thanks.
__label__neutral,Are you Peter Smith?  
__label__neutral,Fine  thanks And you?
__label__neutral,She is very well  thank you.
__label__neutral,Good afternoon  I'm Peter.
__label__neutral,Are you Bill Jones?  
__label__neutral,She's very well thank you.
__label__neutral,Good afternoon Mr Green.
__label__neutral,Good evening Mrs Brown.
__label__neutral,How are you this evening?  
__label__neutral,Pull out chairs to seat the women when you are eating together.
__label__neutral,Do not sit down before all the ladies are seated.
__label__neutral,Pull your chair up and sit close to the table after sitting down.
__label__neutral,It is customary to say grace before the meal begins in many Christian homes Watch the 
__label__neutral,host or hostess If they bow their heads  join them.
__label__neutral,When the hostess takes her napkin  open your napkin in half and lay it across your lap.
__label__neutral,When eating with silverware  begin from the outside piece  then knife and fork for the 
__label__neutral,second course and so on The pieces closest to the plate are for the last course.
__label__neutral,When having soup  move the spoon away from you to spoon out the soup When a little remains  
__label__neutral,you may raise slightly the side of the bowl close to you.
__label__neutral,Cut large pieces of food  such as steak or chops  into small pieces all at one time.
__label__neutral,Use you knife close to the fork This way  it is a lot easier to cut meat.
__label__neutral,Put your knife and fork diagonally on the further side of the plate when you have finished 
__label__neutral,eating something Do not place them leaning on the plate The knife should always be placed 
__label__neutral,You can choose whichever you like.
__label__neutral,She must be a model  isn't?
__label__neutral,I really don't known.
__label__neutral,I have no idea about it.
__label__neutral,Can she be a driver?
__label__neutral,May I have your name?
__label__neutral,What's your family name?
__label__neutral,My family name is Ayneswonth.
__label__neutral,How do you spell it?
__label__neutral,Who is the lady in white?
__label__neutral,Could you introduce me to her?
__label__neutral,Rose  let me introduce my friend to you.
__label__neutral,This is Tom He's my classmate.
__label__neutral,Nice to meet you  too.
__label__neutral,Let me introduce myself.
__label__neutral,What day is it today?
__label__neutral,What's the date today?
__label__neutral,It's January the 15th  1999.
__label__neutral,It's the year of 1999.
__label__neutral,What will you do during this weekend?
__label__neutral,Does the shop open at 9 am on weekdays?
__label__neutral,It opens at 8 am on weekdays  but at 9 at weekends.
__label__neutral,What will you do the day after on next?
__label__neutral,What did you do the week before last?
__label__neutral,I'll work for the next 5 days.
__label__neutral,It's been 5 years since I last saw you.
__label__neutral,Do you have a computer?
__label__neutral,He has that book  doesn't he?
__label__neutral,Do you have any brothers or sisters?
__label__neutral,No  I'm a single son.
__label__neutral,Does your computer have a modem?
__label__neutral,Do you have shampoo here?
__label__neutral,What a beautiful garden you have!
__label__neutral,Do you have glue I need some here.
__label__neutral,If you have more  please give me some.
__label__neutral,Do you have my pencil?
__label__neutral,Yes  I have your eraser  too.
__label__neutral,What time is it now?
__label__neutral,It's a quarter past five.
__label__neutral,It's ten minutes to four.
__label__neutral,It's half past nine.
__label__neutral,It's one o'clock sharp.
__label__neutral,It's not four o'clock.
__label__neutral,My watch says two o'clock.
__label__neutral,My watch is two minutes fast.
__label__neutral,What's the time by your watch?
__label__neutral,We must arrive there on time.
__label__neutral,There are only two minutes left.
__label__neutral,Can you finish your work ahead of time?
__label__neutral,The flight is delayed.
__label__neutral,The meeting is put off.
__label__neutral,I'll be back in 5 days.
__label__neutral,What's the date today?
__label__neutral,I was born on September 1st  1976.
__label__neutral,I'll meet you tomorrow.
__label__neutral,Do you know the exact date?
__label__neutral,Please check the date.
__label__neutral,How long will the sale last?
__label__neutral,What were you doing this time last year?
__label__neutral,Hello Can I see Mr  Green?
__label__neutral,Do you have an appointment?
__label__neutral,Sorry  Mr Green can't see you now.
__label__neutral,Would you wait here for a minute?
__label__neutral,Would you like something to drink?
__label__neutral,Mr Green  Mr Smith is here.
__label__neutral,Nice to see you  my old friend.
__label__neutral,How have you been these years?
__label__neutral,You've changed little.
__label__neutral,Do you still remember that Christmas?
__label__neutral,Do you speak English?
__label__neutral,How long have you studied English?
__label__neutral,He speaks English fluently.
__label__neutral,Your English is very good.
__label__neutral,You speak English pretty well.
__label__neutral,Are you a native speaker of English?
__label__neutral,My native language is Chinese.
__label__neutral,He speaks with London accent.
__label__neutral,He has a strong accent.
__label__neutral,I have some difficulty in expressing myself.
__label__neutral,"I'm always confused with ""s"" and ""th""."
__label__neutral,Can you write in English?
__label__neutral,Your pronunciation is excellent.
__label__neutral,How can I improve my spoken English?
__label__neutral,Are you watching TV now?
__label__neutral,Yes  I'm watching Channel 5.
__label__neutral,No  I'm listening to the radio.
__label__neutral,Where are you going?
__label__neutral,Who are you writing to?
__label__neutral,I'm writing to an old friend.
__label__neutral,What will you do this weekend?
__label__neutral,I'll go to a concert.
__label__neutral,I'll go on an outing with some friends.
__label__neutral,Do you like traveling?
__label__neutral,Yes  I like it a great deal/it very much.
__label__neutral,I'm twenty-two (years old).
__label__neutral,Mr Smith is still in his forties.
__label__neutral,I'm two years younger than my sister.
__label__neutral,My elder sister is one year older than her husband.
__label__neutral,He's the youngest in the family.
__label__neutral,He looks much younger than he is.
__label__neutral,I came here when I was 20.
__label__neutral,I started school at the age of 6.
__label__neutral,My father is over 60 years old.
__label__neutral,Most of them are less than 30.
__label__neutral,I guess he's about 30.
__label__neutral,She's going to be 15 next month.
__label__neutral,They'll have a party for their 10th wedding anniversary.
__label__neutral,He's still a boy after all.
__label__neutral,When do you get up everyday?
__label__neutral,I usually get up at 8 o'clock.
__label__neutral,Where do you have your lunch?
__label__neutral,I have my lunch in a snack bar nearby.
__label__neutral,What did you have for lunch?
__label__neutral,I had a hamburger and a fried chicken leg?
__label__neutral,What time do you start work?
__label__neutral,I start work at 8 o'clock.
__label__neutral,What do you do at work?
__label__neutral,I answer telephones and do some typing.
__label__neutral,What time do you finish your work?
__label__neutral,What do you do in your spare time?
__label__neutral,I like listening to pop music.
__label__neutral,I like playing football.
__label__neutral,When did you get up yesterday morning?
__label__neutral,I heard the clock  but I didn't get up until 9.
__label__neutral,I woke up seven and got up right away.
__label__neutral,I hurried to my office.
__label__neutral,I had my breakfast on the way.
__label__neutral,I was 10 minutes late.
__label__neutral,I had lunch with a friend of mine.
__label__neutral,I finished my work at 6 p m.
__label__neutral,I stayed and did some extra work.
__label__neutral,The TV programs were really boring  so I went to bed very early.
__label__neutral,I read a magazine in bed.
__label__neutral,I didn't sleep well.
__label__neutral,I slept soundly all night.
__label__neutral,Hi  Joe  is it really you?
__label__neutral,Hi  Ann Nice to see you again.
__label__neutral,It's been a whole year since I last saw you.
__label__neutral,Yes  but you look as pretty now  as you did then.
__label__neutral,Oh  thank you How have you been these days?
__label__neutral,But you sound so sad.
__label__neutral,Yes  I lost my pet cat yesterday.
__label__neutral,Oh  I'm sorry to hear that.
__label__neutral,Have you seen Kate lately?
__label__neutral,No  I have no contact with her.
__label__neutral,I heard she got married last week.
__label__neutral,Oh  how nice Sorry  I've got to go now.
__label__neutral,So do I See you later Keep in touch.
__label__neutral,I used to take a walk in the early morning.
__label__neutral,He used to live in my neighborhood.
__label__neutral,Did you use to go fishing with friends?
__label__neutral,We have known each other for 6 years.
__label__neutral,It has been a long time since last came here.
__label__neutral,Have you seen Mr Smith recently?
__label__neutral,They've been working on this project since last year.
__label__neutral,I've been watching TV all night.
__label__neutral,The movie began as soon as we got there.
__label__neutral,When I arrived at the station  the train had already left.
__label__neutral,The late arrival of the ship had messed up all our plans.
__label__neutral,I had thought he knew the time of the meeting.
__label__neutral,They had excepted me to go with them.
__label__neutral,That was the third time that I had visited the place.
__label__neutral,After I had finished my paper  I put it in the drawer.
__label__neutral,  Hi  Jack  where do you live now?
__label__neutral, I live at 203 Curzon Street.
__label__neutral,  Curzon Street Isn't Mary living there?
__label__neutral,  Yes  she lives just across the street.
__label__neutral, How long have you stayed there?
__label__neutral,  How about Mary How long has she lived there?
__label__neutral,  She's been living there since her birth.
__label__neutral,  Will you stay there for long?
__label__neutral,  No  I'll move to Hollywood next month.
__label__neutral,  What's the height of the building?
__label__neutral,  How much does the elephant weight?
__label__neutral, What's the color of your new dress?
__label__neutral,  What's the size of your shoes?
__label__neutral,  My brother is twice as tall as your sister.
__label__neutral,  My grandma is 40 years older than me.
__label__neutral,  This river is one third as long as that river.
__label__neutral,  What's the shape of your balloon?
__label__neutral,  How wide is this bridge?
__label__neutral,  How thick is the ice here?
__label__neutral,  This metal is harder than that one.
__label__neutral,  He can run as fast as Jim.
__label__neutral,  Kate is smarter than I.
__label__neutral,  How long do you watch TV every day?
__label__neutral,  How often do you go swimming?
__label__neutral,  Would you please open the door for me?
__label__neutral,  May I ask you a question?
__label__neutral,  Please give me a hand.
__label__neutral,  Could you do me a favor?
__label__neutral, Would you help me remove the refrigerator?
__label__neutral,  Get me my coat  please.
__label__neutral, Make me a cup of coffee  will you?
__label__neutral,  Call me tomorrow if you have time.
__label__neutral,  Could you tell me where I can find these books?
__label__neutral,  I'm sorry I'm engaged now.
__label__neutral, I'm glad to  but I'm afraid I don't have the time.
__label__neutral,  Would you mind closing the window for me?
__label__neutral,  Excuse me  madam Could you tell me where the post office is?
__label__neutral,  It's just around the corner.
__label__neutral,  Excuse me  how can I get to the bus station?
__label__neutral, You can take the bus and get off at the second stop.
__label__neutral,  Excuse me  Where is No 5 Street?
__label__neutral,  Go straight ahead and turn left at the second crossing.
__label__neutral,  Excuse me Can you tell me how to get to Mr Hu's restaurant?
__label__neutral,  Go on for about 100 meters  It's on your left side  You can't miss it.
__label__neutral,  Which one is Mr Jame's office?
__label__neutral,  It's Room 201 on the second floor.
__label__neutral, Can I use the lift?
__label__neutral, Sorry  it's broken You have to use the stairs.
__label__neutral,  Where are the stairs?
__label__neutral,  Go along the corridor and it's on your right side.
__label__neutral,  Thank you for directions.
__label__neutral,  You have a younger brother  don't you?
__label__neutral,  How is your family?
__label__neutral,  She's engaged/married to John.
__label__neutral,  How long have you been married?
__label__neutral,  We've been married for 2 years.
__label__neutral, My parents got married in 1954.
__label__neutral,  Mary gave birth to a baby last week.
__label__neutral, They've been divorced.
__label__neutral, His wife died a year ago Now he lives alone.
__label__neutral,  My aunt will come to live with me for some days.
__label__neutral,  John has his own family now.
__label__neutral,  Do you live with your parents?
__label__neutral,  No I live in my own house.
__label__neutral,Sure We are friends since primary school.
__label__neutral, Really I was introduced to her just last weekend.
__label__neutral,  What is she doing now?
__label__neutral,  She told me she wanted to start a company.
__label__neutral, Start a company  But I thought she would be a scholar.
__label__neutral, People are always changing  aren't they?
__label__neutral, Yes  you're right After all  she is smart enough to go into business.
__label__neutral, But she doesn't have much experience.
__label__neutral,  You two don't have much contact?
__label__neutral,  No  I only wrote her one letter this year.
__label__neutral,  She sent me a Christmas card last year.
__label__neutral,  Oh  that's not good.
__label__neutral,  Yes  we should try to contact more.
__label__neutral, What time are you going to leave for the airport tomorrow?
__label__neutral, Is he coming to dinner?
__label__neutral,  I'm going to the bookstore Will you go with me?
__label__neutral,  They're going to discuss it at the meeting next Friday.
__label__neutral,  I'll be waiting for you at the restaurant this time tomorrow.
__label__neutral,After I get home  I'll call you.
__label__neutral,  How will you spend the evening?
__label__neutral,  I'll probably stay home and watch TV.
__label__neutral,  What's your plan for the summer holiday?
__label__neutral,  I'm thinking about a visit to Paris.
__label__neutral,  There's going to be a pottery exhibition at the art gallery.
__label__neutral,  You are still thinking about a Ph D  aren't you?
__label__neutral,  What will you do about it?
__label__neutral,  What do you want to do after graduation?
__label__neutral,  I'll further my study.
__label__neutral,  Have you heard the weather forecast?
__label__neutral,  No  what does it say?
__label__neutral,  We'll have fine weather for the next few days?
__label__neutral,  But it's still raining today!
__label__neutral,  It is said it will clear up tonight.
__label__neutral,  What will it be after the clear weather?
__label__neutral,  It says a storm may come next month.
__label__neutral,  And it may get colder  it's already November.
__label__neutral, Yes  and I hope we can have some snow this winter.
__label__neutral,  I'm afraid it won't be cold enough for a snowfall.
__label__neutral,  But last year we had a big one.
__label__neutral,  Yes  but you know global warming may raise the temperature.
__label__neutral,  You are probably right.
__label__neutral,  I'm going skating in the Alps next month.
__label__neutral, I hope the weather there is cold enough.
__label__neutral,  How are you feeling today?
__label__neutral, I don't feel very well.
__label__neutral,  Do you fell better now?
__label__neutral,  He's got a bad headache.
__label__neutral, What's the matter with you?
__label__neutral, I've got a pain in my back.
__label__neutral,  It hurts right here.
__label__neutral,  It's bleeding You'd better see a doctor about that cut.
__label__neutral,  Take two pills and have a good rest.
__label__neutral,  I hope you'll be well soon.
__label__neutral,  I get up at 8 every morning.
__label__neutral,  I then take a bath in the bathroom.
__label__neutral, I shave  brush my teeth  and comb my hair.
__label__neutral,  I put on a bit of makeup.
__label__neutral, I cooked breakfast for the family.
__label__neutral,  I go downstairs and have my breakfast.
__label__neutral,  I read the newspaper over breakfast.
__label__neutral,  I wake my sister up.
__label__neutral,  I dress my sister and wash her hands and face.
__label__neutral,  I get to my office at 10:30.
__label__neutral,  I leave the office at 7.
__label__neutral,  I buy some food on my way home.
__label__neutral,  I pick up my sister from her school.
__label__neutral,  We go to bed at 10:30.
__label__neutral,  What do you think about it?
__label__neutral,  I think you're mistaken about that.
__label__neutral,  He was absent yesterday Do you know why?
__label__neutral,  Do you have any idea?
__label__neutral,  I suppose he was sick.
__label__neutral,  Will it rain tomorrow?
__label__neutral,  No  I don't think so.
__label__neutral,  Do you really want to know what I think?
__label__neutral,  Please give me your advice.
__label__neutral,  I want to hear your opinion.
__label__neutral,  What do you plan to do this Friday?
__label__neutral,  What are you doing next week?
__label__neutral,  I plan to go to the concert.
__label__neutral,  I'm thinking of going to my grandma's.
__label__neutral,  I'll go skiing of the weather permits.
__label__neutral,  I suppose I can finish the project next year.
__label__neutral,  I'm considering buying a house.
__label__neutral,  Hi  Jack  what lessons will you take this semester?
__label__neutral,  Hi  Lucy I'll take French and Economics.
__label__neutral,  I'm taking Chinese and History.
__label__neutral,  Do you plan to do some odd jobs?
__label__neutral, Yes  I'm applying to work at the library.
__label__neutral,  You have the final say.
__label__neutral, She insists that it doesn't matter.
__label__neutral,Do you like traveling?
__label__neutral,  Yes  I've just come back from Scotland.
__label__neutral,  You look radiant tonight.
__label__neutral, He's made up his mind to quit his job.
__label__neutral,  I've decided not to sell the house.
__label__neutral, I'm determined to leave.
__label__neutral,  No  I haven't decided yet.
__label__neutral,  I've changed my mind.
__label__neutral, It's still undecided.
__label__neutral,  Don't hesitate any more.
__label__neutral,  Give me a definite answer  please.
__label__neutral,  It's really hard to make a decision.
__label__neutral,  I'm always making resolutions  like giving up smoking.
__label__neutral, Don't shilly-shally.
__label__neutral,  It was a terrible experience.
__label__neutral,  I am on top of the world.
__label__neutral,  The dinner was wonderful.
__label__neutral,  The Christmas tree is gorgeous.
__label__neutral,  What a boring movie it is!
__label__neutral,  How can he give us such a tedious lecture!
__label__neutral,  How fragrant the flowers are!
__label__neutral, The party is making too much noise.
__label__neutral,  You look elegant in that dress.
__label__neutral, The coat doesn't suit you.
__label__neutral, His flattery makes me sick.
__label__neutral, We had a good time.
__label__neutral,  We enjoyed ourselves very much.
__label__neutral,  I am bored to death.
__label__neutral, This house is for rent.
__label__neutral,  It's really a bargain.
__label__neutral,  I want to rent a furnished house.
__label__neutral,  That house is for sale It has central heating.
__label__neutral,  What kind of furniture do you like?
__label__neutral,  This is a rather old house It needs painting.
__label__neutral,  I want an apartment with two bedrooms and a kitchen.
__label__neutral,  The houses downtown are very expensive.
__label__neutral,  How much is the rent for a month?
__label__neutral, I feel at home living here  The landlady is very kind to me.
__label__neutral,  We have a few kitchen things and a dining room set.
__label__neutral,  There's no gas range in the kitchen  but you can use the electric stove.
__label__neutral,  There is a shower in the bathroom.
__label__neutral,  I have a dog  but it's very quiet.
__label__neutral, The room has a big closet You can put your baggage in it.
__label__neutral,  What will you wear for the party?
__label__neutral, I'll wear my blue dress.
__label__neutral, Don't you think it's too formal?
__label__neutral,  Why What will you wear?
__label__neutral,  Just my shirt and jeans.
__label__neutral, You should have your suit cleaned and ironed.
__label__neutral,  You'd better put on your jacket It's cold outside.
__label__neutral, The blouse no longer fits me.
__label__neutral,  My son has outgrown these trousers.
__label__neutral, The shoes are worn-out.
__label__neutral, I don't like wearing the uniform.
__label__neutral, Do you want to change before the banquet?
__label__neutral, Your shoe lace is loose.
__label__neutral, You forgot to fasten the collar buttons.
__label__neutral,  Take off your hat It doesn't fit.
__label__neutral,  He is a very creative student.
__label__neutral, What you have said about this is very interesting.
__label__neutral,  I cannot agree with you on this point.
__label__neutral,  You've got the point.
__label__neutral,  The whole class is in a heated discussion.
__label__neutral,  Let's just run through the arguments for and against.
__label__neutral,  Please sum up what you said just now.
__label__neutral,  Has anybody else anything to say on this?
__label__neutral,  Does anybody share David's opinion?
__label__neutral, Is there any evidence to support what you have said?
__label__neutral,  I don't think it's necessary for us to discuss this question any further.
__label__neutral, There are always two sides to everything.
__label__neutral,  Finally  we came to an agreement.
__label__neutral,  I want to be a journalist after graduation.
__label__neutral,  If it doesn't rain tomorrow  we'll have a picnic.
__label__neutral,  As soon as he comes  we'll let him know.
__label__neutral,  You can stay as long as you pay the rent on time.
__label__neutral,  When she leaves  he'll cry for a day.
__label__neutral, She will go into business when she likes to.
__label__neutral,  I'll leave for London if I finish my work today.
__label__neutral, I'll work for 5 years and then go back to school.
__label__neutral,  He will become a writer if he goes on doing well in writing.
__label__neutral, I hope he will meet me at the airport.
__label__neutral,  I'm thinking of quitting the job.
__label__neutral,  I plan to learn photography.
__label__neutral,  What do you say we have a party this weekend?
__label__neutral, She will certainly remain single.
__label__neutral,  He will probably follow in his father's footsteps.
__label__neutral,I would have had a much better holiday if I had stayed at home.
__label__neutral, What have you been doing since I saw you last time?
__label__neutral,  If I had got enough money yesterday  I would have bought that tape.
__label__neutral,  Looking back on it  I think I shouldn't have given up the contest so easily.
__label__neutral,  Had I taken a taxi  I wouldn't have been late.
__label__neutral, Even if you take the exam again  you won't pass it.
__label__neutral,  Even if you had given him much more money  he might not have paid off the debt.
__label__neutral,  What would you have done if you hadn't gone out for a picnic yesterday?
__label__neutral,  I wish I had told him the truth.
__label__neutral,  I wish you hadn't cheated me.
__label__neutral, If it had been fine  we would have gone to the park.
__label__neutral,  Would he have seen you if you hadn't waved to him?
__label__neutral,  You should have studied much harder.
__label__neutral,  I had thought about arguing with the teacher about that  but I didn't have enough 
__label__neutral,  I had thought about living with my grandparents when my parents went abroad last year.
__label__neutral,  What's your favorite sport?
__label__neutral,  I like football best.
__label__neutral,  Football is my favorite.
__label__neutral,  Which do you prefer  fishing or mountain-climbing?
__label__neutral,  What do you like best  apples  pears  or bananas?
__label__neutral,  He's crazy about Michael Jordan.
__label__neutral,  She is sick of watching boxing.
__label__neutral,  She has good taste in clothes.
__label__neutral,  What do you like to do in your spare time?
__label__neutral,  I like collecting stamps.
__label__neutral, I prefer tea to coffee.
__label__neutral,  What do you dislike most about this movie?
__label__neutral,  I would rather sleep than watch this movie.
__label__neutral, You should take the advice of your teacher.
__label__neutral, That's just what I was looking for.
__label__neutral,  It might be  I suppose.
__label__neutral,  Good try  but not quite right.
__label__neutral, That's rather disappointing.
__label__neutral,  In my opinion  your new coat is not worth so much money.
__label__neutral,  Would you mind not spitting everywhere?
__label__neutral, It's only a suggestion  you don't have to take it.
__label__neutral,  If you really want my advice I don't think you should quit school.
__label__neutral,  Thanks for your advice but I have to consider it myself.
__label__neutral,  He does not pay attention to anybody You are wasting your time in persuading him.
__label__neutral,  I am old enough to make up my own mind.
__label__neutral, Your work seems not satisfactory.
__label__neutral,  What about your opinion?
__label__neutral,  I generally agree with you.
__label__neutral, Would you open the door for me  please?
__label__neutral,  Would you mind opening the window?
__label__neutral,  I wondered if you could buy me some pencils?
__label__neutral,Would you be so kind as to lend me some money?
__label__neutral,  No problem How much?
__label__neutral, I hope I'm not bothering you.
__label__neutral,  I hope that will not cause you too much trouble.
__label__neutral,  I really appreciate your help.
__label__neutral,  I don't want to put you to any trouble.
__label__neutral, Excuse me  would you give me a hand?
__label__neutral, I'd be glad to help.
__label__neutral, Would you mind mailing this letter for me?
__label__neutral, I have so many things to do before I leave.
__label__neutral,  I have to drop by the bank to get some money.
__label__neutral,  Traveler's check's are very convenient for long-distance travel.
__label__neutral,  Do you have anything to declare?
__label__neutral, You have to apply for a passport in advance.
__label__neutral,  You don't have to pay any duty on personal belongings.
__label__neutral,  Make it an hour and a half  We have to get more food.
__label__neutral, Shall we ask Betty to join us?
__label__neutral,I put myself entirely in your hands.
__label__neutral,  Can you tell me the phone number of the inquiry office?
__label__neutral, Do you like to take a local train or an express?
__label__neutral,  I have bought a ticket for a sleeper.
__label__neutral, Have you reserved your ticket?
__label__neutral, I would never have thought of it if you hadn't mentioned it.
__label__neutral,  I will see you off at the railway station.
__label__neutral,  Where are you from?
__label__neutral, What's your nationality?
__label__neutral, What's your motherland?
__label__neutral, Are you a native Chinese?
__label__neutral,  What's the population of China?
__label__neutral, How many provinces do you have?
__label__neutral,  What's the capital of your country?
__label__neutral,  I was born in China and brought up in the USA.
__label__neutral, My country has an area of 500 000 square kilometers.
__label__neutral,  The capital of my country id Beijing.
__label__neutral, We have 50 provinces.
__label__neutral,My country is rich in natural resources.
__label__neutral,  That nation is famous for its tourism.
__label__neutral, The biggest festival in my country is the Spring Festival.
__label__neutral,  Geographically  China is located in the Northern Hemisphere.
__label__neutral,  In this country  the weather is usually very awful.
__label__neutral, It is a very beautiful country with many mountains.
__label__neutral,  This country is famous for its beautiful lakes.
__label__neutral, The land in this region is rather dry and parched.
__label__neutral,  Along the northern coast of this continent  there are many crags.
__label__neutral,  In Brazil  many ancient forests are very well preserves.
__label__neutral, Lumbering is very important in some underdeveloped countries.
__label__neutral, The scenery is very beautiful in the small islands in the Pacific Oceans.
__label__neutral, What kind of climate do you have in this country?
__label__neutral, In the west of America  there are many high peeks and deep canyons.
__label__neutral,  Which one is the longest river in China?
__label__neutral, Do you get much rain in summer?
__label__neutral, Is the plain along the river good for farming?
__label__neutral,  It's cold and foggy in London at this time of the year.
__label__neutral,  Every one must receive 9 years of compulsory education.
__label__neutral,  Children enter primary school at the age of 7.
__label__neutral, Some students quit school due to poverty.
__label__neutral,  There is fierce competition in the college Entrance Examination.
__label__neutral, He majored in Computers.
__label__neutral,  She is working for her double major in English and Economics.
__label__neutral,  I graduated from Yale University 5 years ago.
__label__neutral, It is desirable to apply to good schools.
__label__neutral,  Mary is in her freshman year.
__label__neutral,  Lily is a Sophomore now.
__label__neutral,  Mike is already a junior.
__label__neutral,  As a senior  Peter is writing his thesis.
__label__neutral, Mr Green is a member of the faculty.
__label__neutral,  In Britain  there are open universities.
__label__neutral,  There are many training classed and night classes.
__label__neutral,  What does your father do?
__label__neutral, He is a doctor He has his own practice.
__label__neutral,  Do you have any plan for your career?
__label__neutral,  I want to be a pilot of possible.
__label__neutral, I hope that I can get a decent job with a good salary.
__label__neutral,  I have an interview next week.
__label__neutral,  Tom has opened his own business while his classmates are still slogging away at school.
__label__neutral, I like writing  but I wouldn't take it as my career.
__label__neutral,  I worked as an intern in that firm last summer.
__label__neutral,  He's a very efficient young man though a little proud.
__label__neutral,  He made a successful career in business.
__label__neutral, My cousin has just been promoted to the rank of major.
__label__neutral,  He is a manager of a famous corporation.
__label__neutral,  The statesman retired as the mayor of New York.
__label__neutral,  He was appointed president of the committee recently.
__label__neutral, This area is noted for its rich soil.
__label__neutral,  The place is too stony for farming.
__label__neutral,  In the flat country  people grow wheat and raise cattle.
__label__neutral,  He has bought 10 tractors for the village.
__label__neutral,  What's the typical farm product in this region?
__label__neutral, At this time of the year farmers begin to plow their fields.
__label__neutral,  Have you milked the cows?
__label__neutral,  Pile the hay in the corner.
__label__neutral,What's the average yearly output of cars in your factory?
__label__neutral, The meat packing industry is developing fast.
__label__neutral,  Car manufacturers are having a bad time.
__label__neutral,  State-owned enterprises are getting out of difficulty.
__label__neutral, How many workshops are there in your factory?
__label__neutral, The computer industry is booming.
__label__neutral,  The information industry helps boost the global economy.
__label__neutral, Do you have any hobbies?
__label__neutral, What are you interested in?
__label__neutral,  What are your interests?
__label__neutral,  What do you do in your spare time?
__label__neutral,  How do you spend your evenings?
__label__neutral,  Lots of people like stamp collecting.
__label__neutral, I am a Michael Jordan fan.
__label__neutral,  Does his film appeal to you?
__label__neutral,  Do you go on picnics?
__label__neutral,  I particularly like English literature.
__label__neutral,  What's so interesting about football  We girls don't like it.
__label__neutral,  She has a particular interest in painting.
__label__neutral, I often take my mind off my work by reading an interesting novel.
__label__neutral,  He plays violin just for enjoyment.
__label__neutral,  Photography is an expensive hobby.
__label__neutral,  What's your favorite sport?
__label__neutral,  What position do you play?
__label__neutral,  Our team beat their team yesterday.
__label__neutral,  We are sure to defeat them.
__label__neutral,  How many years have you been playing pingpong?
__label__neutral,  My favorite winter sport is skiing.
__label__neutral, The basketball championship is exciting.
__label__neutral, I was on the track team 10 years ago.
__label__neutral,  I prefer fishing to swimming.
__label__neutral,  She is a member of the ski club.
__label__neutral,  The hardest thing to learn is to be a good loser.
__label__neutral, My class went camping last summer.
__label__neutral,  He's good at lifting weights.
__label__neutral,  I subscribed to a lot of periodicals last year.
__label__neutral,  Tom reads newspapers in the afternoon.
__label__neutral,  What kind of newspapers do you read?
__label__neutral,  Newspapers and periodicals keep me updated on current affairs.
__label__neutral, What column do you like best?
__label__neutral, Which do you like better  the news or the editorial?
__label__neutral,  Do you read advertisements too?
__label__neutral,  I recommend to you Time and Newsweek They are excellent.
__label__neutral,  Fashion is a very popular magazine in America.
__label__neutral, What's the circulation of this magazine?
__label__neutral, Why don't you put an advertisement in the paper to sell that old car?
__label__neutral, I once took a part-time job delivering the Evening Post.
__label__neutral,  Have you read the article about the rescue of the hostage?
__label__neutral,  There was much news in the morning paper today.
__label__neutral,  My friend Tom is a reporter for the New York Times.
__label__neutral,  What channel are you watching now?
__label__neutral,  There's TV coverage of the NBA tournament.
__label__neutral,  Do you have a TV guide?
__label__neutral,  You'll be on air in two minutes.
__label__neutral,  Channel 5 is off the air now.
__label__neutral,  Turn up your radio please.
__label__neutral,  We can't get good pictures on our TV set.
__label__neutral,  Can this radio receive short-wave?
__label__neutral,  If you install an outside antenna  you will have better reception.
__label__neutral,  Turn down the radio please.
__label__neutral,  We'll have a soap opera series on TV this week.
__label__neutral,  Please tune in next time.
__label__neutral,  We're broadcasting from London.
__label__neutral,You can receive our program at short wave 37.5 MH.
__label__neutral,  There's too much static.
__label__neutral,  What's your favorite music?
__label__neutral,  Do you often go to a concert?
__label__neutral,  I hate Jazz It's too noisy.
__label__neutral,  Do you like pop music?
__label__neutral,  I have never heard the piece before  who wrote it?
__label__neutral,  What do you think of their skill?
__label__neutral,  I find classical concerts more to my liking than rock concerts.
__label__neutral,  I've never read a more stirring story.
__label__neutral, He has a passion for literature.
__label__neutral, I am most attracted by Dickens.
__label__neutral,  I never grow tired of novels though I read them everyday.
__label__neutral, On Sundays I often spend some time reading in the library.
__label__neutral,  What do think about this poem?
__label__neutral, I like Shakespeare better than Milton.
__label__neutral, How much do you know about the works of George Eliot?
__label__neutral,Thank you for helping me.
__label__neutral,It's nice to meet you.
__label__neutral,Can I have your name?
__label__neutral,It was a pleasure meeting you.
__label__neutral,Pleased to meet you.
__label__neutral,Hope to see you again.
__label__neutral,Does that mean that I can see you again?
__label__neutral,I hope nothing is wrong.
__label__neutral,Oh  no Is it serious?
__label__neutral,Have a safe trip home.
__label__neutral,I'm Tom  Zhang We made a reservation for tea this afternoon.
__label__neutral,Yes  sir This way  please Here's your table Is this all right?
__label__neutral,Yes  it's nice  indeed Thank you.
__label__neutral, Awfully sorry  sir  There are no rooms available now.
__label__neutral,But I have reserved a room the day before yesterday.
__label__neutral,Sorry May I have your name? 
__label__neutral,Please wait a minute Let me check...Excuse me  but I can't seem to find your name on our 
__label__neutral,list Are you sure you have a reservation for tonight?
__label__neutral,Of course  I did it myself.
__label__neutral,I'm terribly sorry There must have been some mistakes  Let me check it again... Oh  yes. 
__label__neutral,There is a name listed as Tom Huang It must be the fault of the clerk who registered 
__label__neutral,your name I apologize.
__label__neutral,Don't worry about that.
__label__neutral,According to the records  your reservation is for a single room with shower and air 
__label__neutral,conditioner for two nights  The room rate will be $110 per night  including 10% tax and 
__label__neutral,4% service charge Is it right?
__label__neutral,Yes  that's right  I'd like to pay my bill by credit card.
__label__neutral,May I take a print of your card?
__label__neutral,OK Now could you fill out this registration card?
__label__neutral,Your room number is 707 Here is your key  The bellhop will help you to carry the suitcases 
__label__neutral,to your room  Have a nice evening.
__label__neutral,May I have a menu please?
__label__neutral,Do you have a menu in chinese?
__label__neutral,Would you like something to drink before dinner?
__label__neutral,What kind of drinks do you have for an aperitif?
__label__neutral,May I see the wine list?
__label__neutral,May I order a glass of wine?
__label__neutral,What kind of wine do you have?
__label__neutral,I'd like to have some local wine.
__label__neutral,I'd like to have Frence red wine.
__label__neutral,Could you recommend some good wine?
__label__neutral,What is the specialty of the house?
__label__neutral,Do you have today's special?
__label__neutral,Can I have the same dish as that?
__label__neutral,I'd like appetizers and meat(fish) dish.
__label__neutral,I have to avoid food containing fat(salt/suger).
__label__neutral,Do you have vegetarian dishs?
__label__neutral,How do you like your steak?
__label__neutral,Well done (medium/rare) please.
__label__neutral,I'll arrive late  but please keep my reservation.
__label__neutral,I made a reservation in Taipei.
__label__neutral,My name is Wang Ming-Ming.
__label__neutral,I'd like a quiet room.
__label__neutral,I'd like a room on the upper level.
__label__neutral,I'd like a room with a nice view (a balcony).
__label__neutral,Is hot water available any time?
__label__neutral,Do you have anything bigger (better/cheaper)?
__label__neutral,I'll take this room.
__label__neutral,Would you fill in this registration form?
__label__neutral,Do you accept credit crads(traveler's checks)?
__label__neutral,Could you keep my valuables?
__label__neutral,Where is the dining room?
__label__neutral,What time does the dining room open?
__label__neutral,What time can I have breakfast?
__label__neutral,Is there a beauty salon(barber shop)?
__label__neutral,Can I have a card with the hotel's address?
__label__neutral,Can I get a ticket for the sight-seeing bus here?
__label__neutral,Where is the nearest subway station?
__label__neutral,I have some laundry.
__label__neutral,I'd like these clothes cleaned (pressed).
__label__neutral,Please put your laundry in the paper bag and write down the contents of the laundry on 
__label__neutral,Will it be ready by tomorrow (the day after tomorrow)?
__label__neutral,I need them tonight (tomorrow).
__label__neutral,I'd like to have my laundry by 9 o'clock tomorrow morning.
__label__neutral,There's one piece missing.
__label__neutral,From what time do you accept laundry tomorrow morning?
__label__neutral,From 9 a m to 4 p m.
__label__neutral,Is there a beauty salon (barber shop) in this hotel?
__label__neutral,I'd like to make an appointment for 5 p m today.
__label__neutral,How would you like your hair?
__label__neutral,Haircut and shampoo (shave)   please.
__label__neutral,Shampoo and set  please.
__label__neutral,Please don't cut it too short.
__label__neutral,A little more off the back (sides/top).
__label__neutral,I don't need hair oil.
__label__neutral,When is check-out time?
__label__neutral,Could you bring my baggage down to the lobby tomorrow morning?
__label__neutral,Sure What time are you leaving?
__label__neutral,Then I'll go to your room at 7:50.
__label__neutral,I have three pieces of baggage.
__label__neutral,Please leave them outside your room tomorrow morning.
__label__neutral,This is room 316 I'd like a blanket  please.
__label__neutral,Please bring me a pot of coffee (boiled water).
__label__neutral,Please bring me some ice cubes and water.
__label__neutral,I'd like a wake-up call  please.
__label__neutral,7 o'clock tomorrow morning.
__label__neutral,The air-conditioner (TV¡¢set¡¢light) doesn't work.
__label__neutral,There is no hot water.
__label__neutral,The hot water is not hot enough.
__label__neutral,I'd like to check out My bill  please.
__label__neutral,I had a coke in the mini-bar.
__label__neutral,Can I pay by credit card?
__label__neutral,We want to take a train to New York.
__label__neutral,Regular or express train?
__label__neutral,How much time would we save if we took the express?
__label__neutral,About one hour The next express train arrives in New York at 3:15.
__label__neutral,And how much more do we have to pay for the express?
__label__neutral,First class is 24 dollars more  and second class is 15 dollars more.
__label__neutral,Tom (to Mike)£º What do you think?
__label__neutral,As long as we can arrive one hour earlier  I don't mind paying a little extra.
__label__neutral,OK Then give me two second-class tickets on the express  please.
__label__neutral,Oh  At last we are in the Big Apple  Now we have to take a subway to get to the Village  
__label__neutral,Don't we need to buy a subway map?
__label__neutral,Yes  but I think we can get it free at the subway station  at the token booth.
__label__neutral,Can I have ten tokens And also can I get a free subway map?
__label__neutral,Ticket booth employee (B): Sure Here's a pack of ten tokens  twelve-fifty  and this is 
__label__neutral,We are going to the East Village Which train should we take?
__label__neutral,Ticket booth employee (B):  Take the No 8 train and get off at Astor Place.
__label__neutral,Good afternoon May I help you?
__label__neutral,Yes Could you change some RMB into American dollars for me?
__label__neutral,Certainly  sir  How much would you like to change?
__label__neutral,Ten thousand yuan  please By the way  what is the exchange rate for American currency 
__label__neutral,According to the present rate  one US Dollar in cash is equivalent to 8.6 Chinese yuan.
__label__neutral,OK  here are the ten thousand yuan.
__label__neutral,Would you please show me your passport?
__label__neutral,Thank you You'll have it right away Will you please sign your name on this exchange 
__label__neutral,memo Here is your money Please check it Keep this exchange memo You will need it to 
__label__neutral,convert any money you have left when you leave America.
__label__neutral,Thank you What exactly should I do with the Foreign Exchange Certificates left with me?
__label__neutral,You have to go to money exchange counter in the bank  airport or railway station.
__label__neutral,Is this the bus that goes by the mall?
__label__neutral,No  it isn't But you can transfer from this bus to bus number 24 when we get to the 1st 
__label__neutral,Good How much is the fare?
__label__neutral,It's eighty cents for adults and thirty-five cents for children under twelve  Don't use 
__label__neutral,bill  and drop the exact fares into the money box after getting on the bus.
__label__neutral,Will it cost for the transfer?
__label__neutral,Yes When you get on the transfer bus  just show the bus driver the ticket stub You will 
__label__neutral,only have to pay ten more cents for yourself and a nickel for your child.
__label__neutral,That sounds pretty good.
__label__neutral,You can take a seat now  And when you're ready to get off  remember to press the button 
__label__neutral,Then how far ahead of time do I need to ring the bell for you to stop the bus?
__label__neutral,Royal Hotel  can I help you?
__label__neutral,Yes I urgently need a room for tomorrow night  and do you have any vacancies?
__label__neutral,Yes  we have What kind of room would you like?
__label__neutral,I'd like a suite with an ocean view  please.
__label__neutral,What is the price of the suite?
__label__neutral,It is $280 per night.
__label__neutral,It is a little high I'm told that your hotel is offering discount now.
__label__neutral,Front Desk: Yes  but the offer ended yesterday I'm sorry.
__label__neutral,Oh  I see Then do you have anything less expensive?
__label__neutral,No  sir So far it is the least expensive suite for tomorrow night.
__label__neutral,OK  I will take it By the way  does the price include breakfast?
__label__neutral,Yes  it does Now could I have your name  please?
__label__neutral,My name is Tom Zhang.
__label__neutral,Would you kindly spell it for me?
__label__neutral,That is T O M  Z H A N G.
__label__neutral,Thank you  I got it And how long do you expect to stay?
__label__neutral,OK Our check-in time is after 1:00pm And see you tomorrow.
__label__neutral,Hello  May I speak to Miss Li  please? 
__label__neutral,Oh  Miss Li  This is Tom  I didn't recognize your voice.
__label__neutral,No She's at work now. 
__label__neutral,May I have her office phone number  please? 
__label__neutral,Sure It's 6225-9438.
__label__neutral,It's John Didn't you recognize my voice? 
__label__neutral,No  you sound different today.
__label__neutral,It's because I have a bad cold. 
__label__neutral,This is he speaking.
__label__neutral,I'd like to talk to Mr Wang  please. 
__label__neutral,He's stepped out of the office for a little while.
__label__neutral,When is a good time to catch him? 
__label__neutral,In about 30 minutes.
__label__neutral,May I speak to Miss Chen? 
__label__neutral,Miss Chen is not in right now She went shopping. 
__label__neutral,When will she come back?
__label__neutral,Why don't you call back later this afternoon?
__label__neutral,Will it be too late if I call around 9:00 tonight?
__label__neutral,That's all right  We don't go to bed early.
__label__neutral,I'm trying to catch Mary  please. 
__label__neutral,Mary is not available at the moment.
__label__neutral,What time should I call back?
__label__neutral,May I speak to Miss Wang? 
__label__neutral,She is in a meeting until night. 
__label__neutral,OK I will try her back then.
__label__neutral,May I please speak to Mr Kong? 
__label__neutral,He is with someone right now Would you hold? 
__label__neutral,May I please speak to Mr John? 
__label__neutral,John cannot get to the phone right now.
__label__neutral,Hello Is Susan there? 
__label__neutral,Isn't this the Nanjing University?
__label__neutral,May I please speak to Ling Ling? 
__label__neutral,There is no one here by that name. 
__label__neutral,Is this five-two-one double eight six-four? 
__label__neutral,No This is five-two-one double eight three-five. 
__label__neutral,Are you sure you are dialing the right number? 
__label__neutral,What number are you trying to dial? 
__label__neutral,No one lives here by that name.
__label__neutral,I'm sorry  I dialed the wrong number.
__label__neutral,May I speak with Mr Chen  please?
__label__neutral,Sorry  but he is out at the moment. 
__label__neutral,Then  please tell him that Zhao Li called. 
__label__neutral,Yes I'm sorry  but how do you spell your last name  sir? 
__label__neutral,May I speak to Miss Tan  please? 
__label__neutral,Sorry  but she is with someone right now.
__label__neutral,I see May I leave her a message then?
__label__neutral,Please ask her to call me at 6225-9438. 
__label__neutral,May I speak to Miss Hu  please? 
__label__neutral,Sorry  but she is out for lunch right now.
__label__neutral,I see What time will she come back? 
__label__neutral,She'll be back around 2:30.
__label__neutral,Hello  I wish to speak to Xiao Fu.
__label__neutral,This is Xiao Fu speaking.  
__label__neutral,Oh  how do you do  Xiao Fu  This is Mary.
__label__neutral,Mary  I'm glad you called me. 
__label__neutral,I'm calling to ask you some questions about Susan.
__label__neutral,Oh  sorry  Mary  I'd better go now. 
__label__neutral,Is the boss coming by? 
__label__neutral,Yeah  and I have to finish this report by four.
__label__neutral,OK I'll let you get back to your work. 
__label__neutral,I'll call you again later  OK? 
__label__neutral,Hello  Miss Huang  How are you? 
__label__neutral,Hello  Mr Wang  I'm fine  and you? 
__label__neutral,I'll doing fine  too.
__label__neutral,Well  Miss Huang  we are planning to have a casual get-together I wonder if you and your 
__label__neutral,husband can join us. 
__label__neutral,That sounds very nice When will it be? 
__label__neutral,It's next week from this Monday. 
__label__neutral,What a pity We have another party that day. 
__label__neutral,It doesn't matter  Let's wait until the next time.
__label__neutral,So I heard you're going to get married Congratulations! 
__label__neutral,Thank you Yes  actually Mary and I have been planning this for some time  The only thing 
__label__neutral,holding us back is our financial situation. 
__label__neutral,I see  it's not easy to marry and start a family So when's the wedding? 
__label__neutral,January the thirtieth and you're invited.
__label__neutral,Oh  thanks I'll be there Where will it be? 
__label__neutral,You'll receive my invitation soon enough  and I will inform you.
__label__neutral,Hi  Tom  this is Mary.
__label__neutral,Do you want to do something this Sunday John and I would like you to come over for a 
__label__neutral,Hello  my name is Tom with Steve Rogers I'd like to make an appointment with Miss Xu. 
__label__neutral,Yes  Mr Tom Let me check Miss Xu's schedule Oh  she has an opening tomorrow at ten. 
__label__neutral,I'm afraid I'll be tied up tomorrow at ten  Could we make it tomorrow at nine? 
__label__neutral,Yes  That would be much better.
__label__neutral,Hello  this is Wang Ming May I speak to Gao Ling  please? 
__label__neutral,Oh  Wang Ming  this is she. 
__label__neutral,I need to make an appointment with you tonight.
__label__neutral,OK What time is it? 
__label__neutral,Seven o'clock  I'll pick you up at your office.
__label__neutral,May I make an appointment now? 
__label__neutral,Yes  but Dr Lee's schedule is full for today  How about 9:00 tonight? 
__label__neutral,That's fine I think I can wait till then. 
__label__neutral,May I have your name and number  please?
__label__neutral,The name is Wang  and the number is 363-1127.
__label__neutral,Thank you  Mr Wang See you later.
__label__neutral,Dr Tyler's office Good morning.
__label__neutral,Good moring This is Huang Feng.
__label__neutral,Yes  I have a terrible cold.
__label__neutral,Have you been here to see Dr Tyler before? 
__label__neutral,No This is my first visit.
__label__neutral,Just a moment  I'll ask him.
__label__neutral,Yes  he makes house calls  but the doctor has an opening only after 2:00 p m.
__label__neutral,I hear that you have a Italy Symphony Orchestra concert on the 15th evening And I wonder 
__label__neutral,if there are some balcony seats still available. 
__label__neutral,I'm sorry  all the balcony seats are gone.
__label__neutral,All right Please hold two orchestra seats for us. 
__label__neutral,Can I have your name  please?
__label__neutral,My last name is Chen C-H-E-N.
__label__neutral,Hello  Air China Flight Reservations May I help you? 
__label__neutral,Yes Have you got any seats left on the 10th at 7:30 a m to HongKong?
__label__neutral,Yes  we have For how many? 
__label__neutral,Please keep two for us to pick up.
__label__neutral,Would you prefer a window  aside or enter seat?
__label__neutral,Hello  my name is Susan and I am calling to confirm my reservation.
__label__neutral,Yes  Miss Susan  we have you down for a deluxe room tonight.
__label__neutral,Great and please make sure the room has a nice view of the park.
__label__neutral,Hi This si Peter from Dr Alice's office.
__label__neutral,I'm just calling to confirm your appointment tomorrow at 3:00 p m.
__label__neutral,Thank you I will be there on time.
__label__neutral,My name is Wang Feng and I'm calling to cancel plane ticket.
__label__neutral,When was your reservation?
__label__neutral,It's 5:00 p m today.
__label__neutral,Would you like me to reschedule you for another time?
__label__neutral,Hello  my name is Li Ming and we have a reservation for party tonight.
__label__neutral,Yes  what can I do for you? 
__label__neutral,I need to cancel that We have had a last minute change of plans. 
__label__neutral,I see Would you like me to reschedule you for another night?
__label__neutral,By the way  will we be able to get a refund on this cancellation? 
__label__neutral,Thank you very much.
__label__neutral,Barker's Service Station. 
__label__neutral,I need your help badly  My car can't start  Can you send somebody over? 
__label__neutral,We can have somebody come by  but it won't be right away.
__label__neutral,What time can you send one over? 
__label__neutral,Oh  let's see It'll be about 3:30 before we have anybody free. 
__label__neutral,Can it be earlier than that?
__label__neutral,I doubt it  sir We'll try  but I can't promise anybody before 3:30.
__label__neutral,If I had it towed over there  could you work on it right away? 
__label__neutral,Sure  if you had it towed here to the garage  we could get right on it.
__label__neutral,Can you send your tow truck over here? 
__label__neutral,No I'm sorry  but we can't send out our tow truck to get you.
__label__neutral,Our tow truck's being repaired. 
__label__neutral,Room service May I help you?
__label__neutral,Yes I wonder if you can send up some of boiling water for me. 
__label__neutral,Certainly Hold on  please What room are you in  sir? 
__label__neutral,This is Mr Wu in Room 415.
__label__neutral,Very well  sir You'll have them as soon as possible.
__label__neutral,Good morning Restaurant Service May I help you? 
__label__neutral,Good morning Would you please bring me some breakfast? 
__label__neutral,Certainly  Miss What are you going to have? 
__label__neutral,I'd like to order a hamburger and fries.
__label__neutral,Would you like anything else? 
__label__neutral,Well It will be up immediately.
__label__neutral,I'd like to get some of today's papers sent to my room.
__label__neutral,No problem  sir  Someone will bring them to your room shortly.
__label__neutral,Room Service  What can I do for you? 
__label__neutral,May I ask for a morning call tomorrow morning?
__label__neutral,Certainly What time would you like? 
__label__neutral,6:00 sharp  please. 
__label__neutral,Let me confirm your name and room number.
__label__neutral,This is Gao Qiang in Room 409. 
__label__neutral,OK We'll ring you up at 6:00 a m tomorrow.
__label__neutral,Front Desk Can I help you?
__label__neutral,Yes  I'm checking out now  and want to get a taxi to the cinema Could you get one for 
__label__neutral,Certainly  sir I'll get a taxi for you Are you going directly to the cinema? 
__label__neutral,No I need to stop by the shop.
__label__neutral,OK There will be a taxi waiting outside in 10 minutes.
__label__neutral,Emergency Assistance  may I help you? 
__label__neutral,I've just been robbed What should I do? 
__label__neutral,Are you injured  sir? 
__label__neutral,No  no  I'm just a little upset.
__label__neutral,Please remain calm  sir Just give me your name and your location.
__label__neutral,My name is Lu Wei  I am beside Beijing Hotel on Changan Street.
__label__neutral,Please stay where you are  we'll have a patrol car there in two minutes.
__label__neutral,A thief has just robbed me Can you send the police? 
__label__neutral,Just give me your name and the place where you are calling from?
__label__neutral,San Francisco General Hospital. 
__label__neutral,Hello  This is an emergency  Can you please send an ambulance? 
__label__neutral,OK  OK- just try to calm down  sir And tell me where you are and what's happened.
__label__neutral,OK Right Uh  We're at La Traviata restaurant in North Beach And my wife is- uh-
__label__neutral,ÊÇ ¶Ô ÎÒÃÇÔÚNorth BeachµÄLa Traviata²ÍÌü  ÎÒµÄÌ«Ì«Ëý-
__label__neutral,Sir  I thought this was an emergency.
__label__neutral,It is She's having pains a minute apart!
__label__neutral,You mean from the food? 
__label__neutral,She's having a baby? 
__label__neutral,Well  why didn't you tell me Now  what's the restaurant's address? 
__label__neutral,Uh  uh  it's 888 Grant Avenue It's a block east of Washington Square.
__label__neutral,OK  sir  just sit tight  and we'll have an ambulance there in about ten minutes.
__label__neutral,May I speak to the head of the household? 
__label__neutral,May I ask who's calling?
__label__neutral,I am calling on behalf of the Private Teacher Company This is Susan with Jiaotong 
__label__neutral,University student May I have your name  sir? 
__label__neutral,Excuse me  Mr Li  Do you have children  Mr Li? 
__label__neutral,Great  I believe you must care for his educations  We will help your children in learning 
__label__neutral,lessons in their free time.
__label__neutral,You've traveled abroad a lot  Tom  so would you like to tell me something about clearing 
__label__neutral,When you arrive in a country  you clear customs A lot of countries have two channels: 
__label__neutral,the green channel and the red channel Some countries  like India  have three channels: 
__label__neutral,the white channel  the green channel and the red channel.
__label__neutral,Then what are the differences between the green channel and red channel?
__label__neutral,If you have more than the duty-free allowances or prohibited goods  you go through the 
__label__neutral,red channel and declare them to a customs officer  If you otherwise have nothing to 
__label__neutral,declare  you go straight through the green channel unless you are asked to stop by an 
__label__neutral,I see I'm told that we'll have to state the purpose of going to a certain country  is 
__label__neutral,That's right People go aboard for different purposes: some for pleasure  some on vacation  
__label__neutral,some on business  and some for other purposes.
__label__neutral,I'm going to New Zealand for sightseeing What should I say if they ask about my purpose?
__label__neutral,"Just saying ""sightseeing"" is OK."
__label__neutral,May I see your passport  please?
__label__neutral,Are you traveling on business or for pleasure?
__label__neutral,I'm going to visit my older sister in New York.
__label__neutral,How long will you stay?
__label__neutral,Do you have anything to declare Jewelry or cash?
__label__neutral,No  I haven't The only things I brought were my own clothes  my notebook computer and 
__label__neutral,some gifts for my sister.
__label__neutral,I'm sorry I'm afraid I'll have to check these  too Did you bring any fruits  vegetables  
__label__neutral,fresh meats or plants into this country?
__label__neutral,Oh... would you kindly allow me to bring in the civet durian It is the favorite of my 
__label__neutral,Sorry  rotten fruit is not allowed.
__label__neutral,But it is NOT rotten It naturally has the special flavor.
__label__neutral,Well  perhaps  But perishables are also not allowed.
__label__neutral,Do you have any direct flight to New Zealand?
__label__neutral,Sorry  we don't  But I think you can fly on Northwest 212 to Tokyo and then have a 
__label__neutral,connecting flight on Japan Airline 123 to Auckland  And it is the most economical flight  
__label__neutral,When does the Flight 212 depart?
__label__neutral,At 11:30am By the way  it also makes a refueling stop at Chicago.
__label__neutral,How big is the layover at Chicago?
__label__neutral,And how long do I have to stay in Tokyo for the connecting flight?
__label__neutral,Not so long  just one hour.
__label__neutral,So the time for the whole journey is about....
__label__neutral,Let me count... OK  it works out for my time schedule  Thanks a lot.
__label__neutral,Is this the bus that goes by the mall?
__label__neutral,No  it isn't But you can transfer from this bus to bus number 24 when we get to the 1st 
__label__neutral,Good How much is the fare?
__label__neutral,It's eighty cents for adults and thirty-five cents for children under twelve  Don't use 
__label__neutral,bill  and drop the exact fares into the money box after getting on the bus.
__label__neutral,Will it cost for the transfer?
__label__neutral,Yes When you get on the transfer bus  just show the bus driver the ticket stub You will 
__label__neutral,only have to pay ten more cents for yourself and a nickel for your child.
__label__neutral,That sounds pretty good.
__label__neutral,You can take a seat now  And when you're ready to get off  remember to press the button 
__label__neutral,Then how far ahead of time do I need to ring the bell for you to stop the bus?
__label__neutral,Oh  At last we are in the Big Apple Now we have to take a subway to get to the Village Don't 
__label__neutral,we need to buy a subway map?
__label__neutral,Yes  but I think we can get it free at the subway station  at the token booth.
__label__neutral,Royal Hotel  can I help you?
__label__neutral,Yes  I urgently need a room for tomorrow night  and do you have any vacancies?
__label__neutral,Yes  we have  What kind of room would you like?
__label__neutral,I'd like a suite with an ocean view  please.
__label__neutral,What is the price of the suite?
__label__neutral,It is US $280 per night.
__label__neutral,It is a little high I'm told that your hotel is offering discount now.
__label__neutral,Yes  but the offer ended yesterday I'm sorry.
__label__neutral,Oh  I see Then do you have anything less expensive?
__label__neutral,No  sir So far it is the least expensive suite for tomorrow night.
__label__neutral,OK  I will take it By the way  does the price include breakfast?
__label__neutral,Yes  it does  Now could I have your name  please?
__label__neutral,My name is Tom Zhang.
__label__neutral,Would you kindly spell it for me?
__label__neutral,Thank you  I got it And how long do you expect to stay?
__label__neutral,OK Our check-in time is after 1:00pm  And see you tomorrow.
__label__neutral,Good evening Do you have a reservation?
__label__neutral,How many people are you together?
__label__neutral,Would you like to sit in smoking section  non-smoking section or whatever comes open 
__label__neutral,We prefer non-smoking section.
__label__neutral,Awfully sorry  there are no vacancies left now Would you like to wait for a moment?
__label__neutral,How long a wait do you think there'll be?
__label__neutral,About eight minutes  I think.
__label__neutral,OK  we will wait a while.
__label__neutral,I'm sorry for making you wait for so long  Now there is a table available in non-smoking 
__label__neutral,section Please follow me.
__label__neutral,This is menu  Are you ready to order now?
__label__neutral,Sorry  we haven't decided yet Could you please give us a little longer?
__label__neutral,Well  I think I would like to have a shrimp cocktail and the tomato sausage soup first  
__label__neutral,How about you  Jones.
__label__neutral,I'd like to check in  please.
__label__neutral,Awfully sorry  sir  There are no rooms available now.
__label__neutral,But I have reserved a room the day before yesterday.
__label__neutral,Sorry May I have your name? 
__label__neutral,Please wait a minute Let me check...Excuse me  but I can't seem to find your name on our 
__label__neutral,list Are you sure you have a reservation for tonight?
__label__neutral,Of course  I did it myself.
__label__neutral,I'm terribly sorry  There must have been some mistakes  Let me check it again... Oh  yes  
__label__neutral,There is a name listed as Tom Huang It must be the fault of the clerk who registered 
__label__neutral,your name  I apologize.
__label__neutral,Don't worry about that.
__label__neutral,According to the records  your reservation is for a single room with shower and air 
__label__neutral,conditioner for two nights The room rate will be $110 per night  including 10% tax and 
__label__neutral,4% service charge  Is it right?
__label__neutral,Yes  that's right I'd like to pay my bill by credit card. 
__label__neutral,May I take a print of your card?
__label__neutral,OK Now could you fill out this registration card?
__label__neutral,Your room number is 707 Here is your key  The bellhop will help you to carry the suitcases 
__label__neutral,to your room Have a nice evening.
__label__neutral,Yes  we are Could we have the check  please?
__label__neutral,Here is your check  86 dollars in all I can take care of it here when you're ready.
__label__neutral,Do you accept cheque?
__label__neutral,No  I'm sorry we don't We accept credit cards and cash.
__label__neutral,Well  I don't have any cash with me  So I'll have to put in on credit  Here's 90 dollars 
__label__neutral,Please keep the change.
__label__neutral,Thank you  I will be right back.
__label__neutral,Oh  please wait for a minute I want to go with the food left.
__label__neutral,I see I will bring some to-go boxes for you.
__label__neutral,What can I do for you  sir?
__label__neutral,I'm Tom in Room 528  and I want a wake-up call tomorrow morning.
__label__neutral,We have a computer wake-up service Please dial 2 first and then the time That is to say  
__label__neutral,dial 2 and the 0615 for the time There must be five digits in the final number.
__label__neutral,I see  Then it is 20615 Thank you  By the way  if I want to change my wake-up time  what 
__label__neutral,Just dial your new wake-up time The computer will automatically cancel the old time and 
__label__neutral,If I dial 20700  I will be waked up at 7:00 am?
__label__neutral,You are welcome Good night!
__label__neutral,I'm so glad you like it  What would you like  We serve coffee and tea  sandwiches  cakes 
__label__neutral,and cold drinks Please look under the plate-glass at the menu for afternoon tea.
__label__neutral,I'll try a chicken salad sandwich and have a cup of coffee with cream.
__label__neutral,What's your specialty today?
__label__neutral,We have strawberries with cream today I suggest you try them.
__label__neutral,Well  I'm looking for some winter clothes for my wife.
__label__neutral,Oh  it is the high time for your purchasing in our clothes shop We are now having a 
__label__neutral,pre-season sale on all our winter apparel.
__label__neutral,Everything for winter is 20% off.
__label__neutral,I think my wife may favor the sweater in the shopwindow  And would you like to aid me 
__label__neutral,to look for any skirts going with this sweater?
__label__neutral,Sure  We have both skirts and trousers that would go well with the sweater  Look to this 
__label__neutral,I especially like this flowery skirt  My wife must be very elegant in them.
__label__neutral,You have a good taste It is very much in style this year.
__label__neutral,But I don't think the green one fits her complexion Do you have any of those skirts in 
__label__neutral,Look on the rack to your right.
__label__neutral,Oh yes  I'll take this one Can I pay with a traveler's check?
__label__neutral,This is the Royal Hotel operator  can I help you?
__label__neutral,Hello  I would like to make a collect call  please.
__label__neutral,What is your name  and where are you now  please?
__label__neutral,This is Tom  Zhang in China.
__label__neutral,What's the extension number?
__label__neutral,May I speak to Mr Janson  please?
__label__neutral,Can I help you  sir?
__label__neutral,Oh  yes This is a traveler's check of four thousand  I'd like to cash this check  please.
__label__neutral,Do you have an account with us  sir?
__label__neutral,No  I don't  Is that going to be a problem?
__label__neutral,Never mind The check that you have is drawn off of this bank  May I see your driver's 
__label__neutral,I don't have a driver's license Will a passport be all right?
__label__neutral,That's fine How would you like this cash back?
__label__neutral,I want twenty hundred-dollar bills and the rest in fifties  twenties and tens  please.
__label__neutral,Four thousand Please check it  sir Thank you and have a good day.
__label__neutral,Excuse me Could you please break this five into some coins for me I want to make a call.
__label__neutral,Sure  What would you like?
__label__neutral,How about two dollars in quarters and the rest in dimes and nickels?
__label__neutral,Let me see  Good  I happen to have enough There you go.
__label__neutral,It's so kind of you.
__label__neutral,If you have time around Christmas  please come to visit my family And I'll be able to 
__label__neutral,show you around our city. 
__label__neutral,Thanks for the invitation And please give my regards to your wife. 
__label__neutral,You do the same Well  I'd better go Thanks again for everything.
__label__neutral,Take care  and have a nice flight.
__label__neutral,Good afternoon May I help you?
__label__neutral,Yes Could you change some RMB into American dollars for me?
__label__neutral,Certainly  sir  How much would you like to change?
__label__neutral,Ten thousand yuan  please  By the way  what is the exchange rate for American currency 
__label__neutral,According to the present rate  one US Dollar in cash is equivalent to 8.6 Chinese yuan.
__label__neutral,OK  here are the ten thousand yuan.
__label__neutral,Would you please show me your passport?
__label__neutral,Thank you  You'll have it right away  Will you please sign your name on this exchange 
__label__neutral,memo Here is your money  Please check it  Keep this exchange memo  You will need it to 
__label__neutral,convert any money you have left when you leave America.
__label__neutral,Thank you What exactly should I do with the Foreign Exchange Certificates left with me?
__label__neutral,You have to go to money exchange counter in the bank  airport or railway station.
__label__neutral,Excuse me  could you help me?
__label__neutral,Yes What seems to be the problem?
__label__neutral,Well  I was wondering if anyone has turned in a passport.
__label__neutral,I'm afraid not Have you lost your passport?
__label__neutral,I think so I can't find it anywhere in my hotel room  and I remember the last place I 
__label__neutral,used it yesterday was in this department store.
__label__neutral,where exactly did you use your passport in the store?
__label__neutral,In the suit-dress department I had to show it to pay for these dresses with my traveler's 
__label__neutral,Well  let me call the suit-dress department to see if they've found a passport.
__label__neutral,Sorry-your passport's not been turned in there  either.
__label__neutral,Then what shall I do?
__label__neutral,You can fill in this lost property report  and I'll keep my eye out for it Those kinds 
__label__neutral,of things usually turn up eventually  but I suggest you contact your embassy and tell 
__label__neutral,them about your situation  so they can issue you a new passport in case it doesn't show 
__label__neutral,You're right  Do you have a pen?
__label__neutral,Oh  I seem to lose something every time I travel.
__label__neutral,I'm ready for a new hairdo  Do you have any suggestions?
__label__neutral,Have you taken a look at any of the new styles lately?
__label__neutral,Yes  I brought a magazine to show you I like this one.
__label__neutral,Oh  that is pretty  Do you want to keep your hair this long Or do you want to take it 
__label__neutral,shorter I think you would look cute with short hair  Perhaps you should go even shorter 
__label__neutral,than in the picture.
__label__neutral,I'll leave it up to you Like I said  I'm ready for a change.
__label__neutral,OK You should really think about getting highlights put in  too.
__label__neutral,Do you think that would look good I'm worried it will make my hair look unnatural.
__label__neutral,No  it won't The highlights are very subtle  We can do a little bit this time If you 
__label__neutral,like it  we can do more next time  Otherwise  the highlights should grow out in about 
__label__neutral,OK  just do what you want  I count on you  By the way  how much do you charge for a shampoo 
__label__neutral,Forty dollars in total.
__label__neutral,Good afternoon  sir Please sit here.
__label__neutral,A haircut and a shave  please.
__label__neutral,How would you like your hair cut  sir?
__label__neutral,Short on both sides  Not so much off at the back.
__label__neutral,Very well  sir  Do you want me to trim your beard?
__label__neutral,Now have a look  please  Is it all right?
__label__neutral,Well  I would like my hair cut shorter on the temples.
__label__neutral,Is that satisfactory?
__label__neutral,Do you want conditioner?
__label__neutral,No  thanks  but I'd like a face massage.
__label__neutral,Now where should I pay the money?
__label__neutral,You should go to the counter  just over there.
__label__neutral,Good morning  madam.
__label__neutral,Good morning I would like a shampoo and set.
__label__neutral,Yes  madam What style do you want?
__label__neutral,I'd like to try a new hair-style Could you show me some pictures of hair styles?
__label__neutral,Sure We have various models: hair bobbed  hair sweptback  chaplet hair style  
__label__neutral,shoulder-length hair style  hair done in a bun Please have a look at them  madam.
__label__neutral,Thanks  Please give me the style in this picture here but make the wave longer  I would 
__label__neutral,like hair spray  please.
__label__neutral,Oh  your hair dryer is too hot  Would you adjust it  please?
__label__neutral,Sorry  madam I'll adjust it right away.
__label__neutral,Is that all right now?
__label__neutral,Beautifully done  Please trim my eyebrows and darken them.
__label__neutral,All right  madam  And would you like a manicure?
__label__neutral,Yes  Use a light nail varnish  please.
__label__neutral,All my bags are checked in I guess I'm all set to go. 
__label__neutral,I know you must be excited to go home after such a long business trip. 
__label__neutral,I am sure  So  we'll be expecting the first shipment in less than a month. 
__label__neutral,Yes  that's right They'll be there in no time. 
__label__neutral,Good  Tell Mr Gao at the factory to keep up the good work.
__label__neutral,I think all the products are going to sell very well. 
__label__neutral,We hope so  It's always good to work with you  Tom.
__label__neutral,I want to thank you for placing such a big order with us You won't be disappointed.
__label__neutral,I'm sure I won't I really appreciate all of your hospitality. 
__label__neutral,And I'd like to give you a little something to take home Let me unroll it. 
__label__neutral,This is beautiful Chinese calligraphy What do these characters mean? 
__label__neutral,They mean long life I remember you liked the calligraphy at the Palace Museum So I thought 
__label__neutral,That's very nice of you Where did you get it It's not a print.
__label__neutral,No  it's an original  My father's friend is a calligrapher  and I had him make it for 
__label__neutral,I'll hang it in my office But I feel bad I didn't get you anything. 
__label__neutral,Don't worry about it It's a taken of my appreciation for your business  and friendship.
__label__neutral,I'd like to cash this check.
__label__neutral,Can you give me some forms of identification? 
__label__neutral,I just have my driver's license with me Is that enough?
__label__neutral,No Please endorse the check at the back.
__label__neutral,Are you the loans-officer?
__label__neutral,I certainly am May I help you? 
__label__neutral,Yes I'd like to make a loan. 
__label__neutral,All right Please sit down.  
__label__neutral,It's a loan for a car I'd like to purchase.
__label__neutral,I'd like to buy some stamps for this letter.
__label__neutral,Let me just weigh it first.  
__label__neutral,How much will it be? 
__label__neutral,Are you sending it by regular or by speed?
__label__neutral,That'll be four yuan. 
__label__neutral,How long will it take for my mail to reach its destination? 
__label__neutral,Good day also to you.
__label__neutral,What can I do for you?
__label__neutral,Is this where I claim parcels? 
__label__neutral,No  please go to window thirty-six.
__label__neutral,That's nothing at all.
__label__neutral,May I help you  sir? 
__label__neutral,I'd like to cash some traveller's checks here. 
__label__neutral,Certainly Do you have any identification? 
__label__neutral,Yes  I have my Passport Here it is. 
__label__neutral,Fine How much would you like to exchange  sir? 
__label__neutral,What's the exchange rate today? 
__label__neutral,A dollar is valued at eight point two RMB yuan.
__label__neutral,Five hundred dollars  please And could you give me ten dollar in small change? 
__label__neutral,No Please endorse the check at the back.
__label__neutral,Are there any tours for the Grand Canyon? 
__label__neutral,There are several tours of the Grand Canyon  Have you been to our Tourist Information 
__label__neutral,No  I haven't  Would you show me where that is?  
__label__neutral,Sure It's up ahead to your left.
__label__neutral,I heard that some tours actually go down into the canyon  Is that true? 
__label__neutral,Yes It's a great way to really see the canyon In addition  it's great exercise too  since 
__label__neutral,we do a lot of hiking.
__label__neutral,That sounds fantastic Where do I go to sign up for that tour? 
__label__neutral,Go inside the Information Center And tell them you want to go on the tour that goes down 
__label__neutral,Welcome to China May I have a look at your customs declaration? 
__label__neutral,You go ahead with the formalities  I'll see to the heavy luggage.
__label__neutral,That's great I'll come back right after the formalities.
__label__neutral,What type of visa have you got? 
__label__neutral,I have a tourist visa. 
__label__neutral,Would you mind opening your suitcase? 
__label__neutral,Not at all  Check it  please.
__label__neutral,Would you please make a record of all your foreign currencies? 
__label__neutral,OK  I'll do as you say.
__label__neutral,Have you filled in the baggage declaration?
__label__neutral,No  I really don't know how to go about it.
__label__neutral,Do you have anything to declare for customs? 
__label__neutral,No I have nothing to declare.
__label__neutral,How long are you going to stay here? 
__label__neutral,About one month  I'm just sightseeing. 
__label__neutral,Have you anything dutiable?
__label__neutral,No  these are only personal effects.
__label__neutral,Could you give me some information on your European tours?
__label__neutral,Our pleasure We have several package tours you may choose  from ten days to three weeks 
__label__neutral,I would be interested in a ten-day trip around Christmas time.
__label__neutral,I have one ten-day tour that is still available It will depart from New York on Dec 24. 
__label__neutral,The price for one person for a ten-day tour is only $ 1088  which includes round-trip 
__label__neutral,That sounds reasonable  Let me think it over  And I'll call you back to make reservations.
__label__neutral,OK  But don't delay too long  Or that trip will be all booked.
__label__neutral,Good morning  sir  May I help you?
__label__neutral,Yes  I have a room booked with you  for three days starting today Name of Lu  L-U. 
__label__neutral,Thank you  Mr Lu  Please wait a moment while I check our reservations list  That's Mr 
__label__neutral,Steven Lu  from Taipei? 
__label__neutral,Mr Lu  everything is OK  Your booking is from today through Wendnsday  Single room.
__label__neutral,Your room number is 512  Here's your key. 
__label__neutral,Thanks  Could you point me in the right direction? 
__label__neutral,Certainly  sir  The elevators are right across the lobby.
__label__neutral,Hi  I'd like to cash an American Express traveler's check. 
__label__neutral,Sure Would you please sign your name on the back  sir  with your passport number And 
__label__neutral,I'll need to see your passport. 
__label__neutral,Sure Can you give me fifty dollars in small bills  please  and ten dollars in change? 
__label__neutral,No problems Here's your passport  and here's your money Have a nice day  Mr Lu.
__label__neutral,Hello I'm calling from Room 1116.
__label__neutral,Yes Can I do something for you? 
__label__neutral,I'm ready to check out now. 
__label__neutral,I have your bill right here. 
__label__neutral,Did you make any long distance calls this morning  or did you sign for your breakfast?
__label__neutral,Fine The bill comes to $ 300 even. 
__label__neutral,By all means  you ahead. 
__label__neutral,What is this charge here? 
__label__neutral,That's for a long distance call you make two nights ago. 
__label__neutral,I see Is a credit card OK? 
__label__neutral,Are you ready to order now  sir? 
__label__neutral,Yes  I am I'd like some wine and roast duck. 
__label__neutral,Roast duck There will be a slight delay for that.
__label__neutral,About forty minutes  I think. 
__label__neutral,OK  please I'll order something else at first.
__label__neutral,What did you order? 
__label__neutral,The fried scallops. 
__label__neutral,Oh  sorry There must be some mistake.
__label__neutral,Sure Where are you going? 
__label__neutral,Drive me back to Santa Clara. 
__label__neutral,Santa Clara OK  That's about 20 miles away. 
__label__neutral,How much will it cost? 
__label__neutral,That'll be thirty-six dollars  sir.
__label__neutral,Here you are You can keep the change. 
__label__neutral,You're very generous. 
__label__neutral,That's alright  You're a lot of help.
__label__neutral,Yes May I help you? 
__label__neutral,I'd like to rent a car  please  I need it for business. 
__label__neutral,I see May I have your driver's license?
__label__neutral,What type of car did you want  sir?
__label__neutral,A small one will do  What is your best rate? 
__label__neutral,We have a mideweek special It's 12 dollars a day  12 cents a mile  plus gas. 
__label__neutral,OK I'll take that one. 
__label__neutral,Very good Please fill out this form.
__label__neutral,I want to pick up the car tomorrow morning at seven Are you open then? 
__label__neutral,Yes  we are  Mr Wang  How are you going to pay? 
__label__neutral,We'd prefer a credit card  if you have one.
__label__neutral,How long will you keep the car?
__label__neutral,Are you going to return it here? 
__label__neutral,No I want to leave it in Chicago. 
__label__neutral,Here's my visa card.  
__label__neutral,Just a minute Here's your receipt.
__label__neutral,Is this the bus that goes by the mall? 
__label__neutral,No  it isn't But you can transfer from this bus to bus number 24.
__label__neutral,Good  How much is the fare? 
__label__neutral,It's seventy-five cents for adults and thirty cents for children under twelve. 
__label__neutral,Will it cost for the transfer? 
__label__neutral,Yes  When you get on the transfer bus  just show the bus driver this ticket stub.
__label__neutral,Anything else  sir? 
__label__neutral,That's all for now How much do I owe you? 
__label__neutral,That'll be fifty-five dollars and twenty cents. 
__label__neutral,Can't you make it a little cheaper? 
__label__neutral,Oh  no sir We already gave you a discount on each item. 
__label__neutral,OK I understand Thank you.
